<application>
  <component name="com.intellij.ide.ui.customization.CustomActionsSchema">
    <group value="RunConfiguration" is_action="true" action_type="-1" position="1">
      <path value="root" />
      <path value="Touch Bar" />
      <path value="Default" />
      <option name="myInitialPosition" value="-1" />
    </group>
    <group value="GotoNextError" is_action="true" action_type="1" position="1">
      <path value="root" />
      <path value="Touch Bar" />
      <path value="Default" />
      <option name="myInitialPosition" value="-1" />
    </group>
    <group value="ShowIntentionActions" is_action="true" action_type="1" position="2">
      <path value="root" />
      <path value="Touch Bar" />
      <path value="Default" />
      <option name="myInitialPosition" value="-1" />
    </group>
  </component>
</application>