<application>
  <component name="FeatureSuggesterSettings">
    <option name="workingDays">
      <list>
        <option value="1653291185628" />
        <option value="1653433143198" />
        <option value="1653508918970" />
        <option value="1654067256956" />
        <option value="1654544552619" />
        <option value="1654729928127" />
        <option value="1655247903794" />
        <option value="1655349504501" />
        <option value="1655410324329" />
        <option value="1655502014186" />
        <option value="1655585541439" />
        <option value="1655668701432" />
        <option value="1655850596097" />
        <option value="1656194007097" />
        <option value="1658259493899" />
        <option value="1658353671424" />
        <option value="1658383700085" />
        <option value="1658466271661" />
        <option value="1658553116955" />
        <option value="1658990375093" />
        <option value="1659147077453" />
        <option value="1659159775068" />
        <option value="1659253903441" />
        <option value="1659588920488" />
        <option value="1659589838787" />
        <option value="1661308881326" />
        <option value="1661834638083" />
        <option value="1661893198361" />
        <option value="1674082897755" />
      </list>
    </option>
  </component>
</application>