<application>
  <component name="LanguageInjectionConfiguration">
    <injection language="MySQL" injector-id="java">
      <display-name>Insert.value (org.apache.ibatis.annotations)</display-name>
      <place><![CDATA[psiMethod().withName("value").withParameters().definedInClass("org.apache.ibatis.annotations.Insert")]]></place>
    </injection>
    <injection language="JSON" injector-id="java">
      <display-name>MockHttpServletRequestBuilder.content (org.springframework.test.web.servlet.request)</display-name>
      <place><![CDATA[psiParameter().ofMethod(0, psiMethod().withName("content").withParameters("java.lang.String").definedInClass("org.springframework.test.web.servlet.request.MockHttpServletRequestBuilder"))]]></place>
    </injection>
  </component>
</application>